"ID","days","latitude","longitude","elevation","IGBP","Koppen","reference_paper","IGBP_2","Koppen_2"
"AR-SLu",141,-33.4648,-66.4598,713,"MF","BSk","Ulke, A. G., Gattinoni, N. N. and Posse, G.: Analysis and modelling of turbulent fluxes in two different ecosystems in Argentina, Int. J. Environ. Pollut., 58(1-2), 52–62, 2015.","Forest","Arid"
"AT-Neu",2506,47.1167,11.3175,970,"GRA","Dfc - Snow fully humid cool summer","Wohlfahrt, G., Hammerle, A., Haslwanter, A., Bahn, M., Tappeiner, U. and Cernusca, A.: Seasonal and inter-annual variability of the net ecosystem CO2 exchange of a temperate mountain grassland: Effects of weather and management, J. Geophys. Res., 113(D8), D08110, 2008.","Grassland","Cold"
"AU-Ade",479,-13.0769,131.1178,76,"WSA","Aw - Equatorial savannah with dry winter","Beringer, J., Hacker, J., Hutley, L. B., Leuning, R., Arndt, S. K., Amiri, R., Bannehr, L., Cernusak, L., Grover, S., Hensley, C., Hocking, D., Isaac, P., Jamali, H., Kanniah, K., Livesley, S., Neininger, B., Tha Paw U, K., Sea, W., Straten, D., Tapper, N., Weinmann, R., Wood, S. and Zegelin, S.: SPECIAL—Savanna Patterns of Energy and Carbon Integrated across the Landscape, Bull. Am. Meteorol. Soc., 92(11), 1467–1485, 2011b.","Savanna","Tropical"
"AU-ASM",1411,-22.283,133.249,605,"SAV","BSh - Arid Steppe hot","Cleverly, J., Boulain, N., Villalobos-Vega, R., Grant, N., Faux, R., Wood, C., Cook, P. G., Yu, Q., Leigh, A. and Eamus, D.: Dynamics of component carbon fluxes in a semi-arid Acacia woodland, central Australia, J. Geophys. Res. Biogeosci., 118(3), 1168–1185, 2013.","Savanna","Arid"
"AU-Cpr",1376,-34.0021,140.5891,63,"SAV","BSk - Arid Steppe cold","Meyer, W. S., Kondrlovà, E. and Koerber, G. R.: Evaporation of perennial semi-arid woodland in southeastern Australia is adapted for irregular but common dry periods, Hydrol. Process., 29(17), 3714–3726, 2015.","Savanna","Arid"
"AU-Cum",494,-33.6152,150.7236,39,"EBF","Cfa - Warm temperate fully humid with hot summer","Beringer, J., Hutley, L. B., McHugh, I., Arndt, S. K., Campbell, D., Cleugh, H. A., Cleverly, J., Resco de Dios, V., Eamus, D., Evans, B., Ewenz, C., Grace, P., Griebel, A., Haverd, V., Hinko-Najera, N., Huete, A., Isaac, P., Kanniah, K., Leuning, R., Liddell, M. J., Macfarlane, C., Meyer, W., Moore, C., Pendall, E., Phillips, A., Phillips, R. L., Prober, S. M., Restrepo-Coupe, N., Rutledge, S., Schroder, I., Silberstein, R., Southall, P., Yee, M. S., Tapper, N. J., Gorsel, E. van, Vote, C., Walker, J. and ","Forest","Temperate"
"AU-DaP",1935,-14.0633,131.3181,70,"GRA","Aw - Equatorial savannah with dry winter","Beringer, J., Hutley, L. B., Hacker, J. M., Neininger, B. and Paw U, K. T.: Patterns and processes of carbon, water and energy cycles across northern Australian landscapes: From point to region, Agric. For. Meteorol., 151(11), 1409–1416, 2011a.","Grassland","Tropical"
"AU-DaS",2345,-14.1593,131.3881,73,"SAV","Aw - Equatorial savannah with dry winter","Hutley, L. B., Beringer, J., Isaac, P. R., Hacker, J. M. and Cernusak, L. A.: A sub-continental scale living laboratory: Spatial patterns of savanna vegetation over a rainfall gradient in northern Australia, Agric. For. Meteorol., 151(11), 1417–1428, 2011.","Savanna","Tropical"
"AU-Dry",1396,-15.2588,132.3706,177,"SAV","Aw - Equatorial savannah with dry winter","Cernusak, L. A., Hutley, L. B., Beringer, J., Holtum, J. A. M. and Turner, B. L.: Photosynthetic physiology of eucalypts along a sub-continental rainfall gradient in northern Australia, Agric. For. Meteorol., 151(11), 1462–1470, 2011.","Savanna","Tropical"
"AU-Emr",825,-23.8587,148.4746,174,"GRA","BSh","Schroder, I., Kuske, T. and Zegelin, S.: Eddy Covariance Dataset for Arcturus (2011-2013), Geoscience Australia, Canberra, , doi:102.100.100/14249, 2014.","Grassland","Arid"
"AU-Fog",749,-12.5452,131.3072,4,"WET","Aw - Equatorial savannah with dry winter","Beringer, J., Livesley, S. J., Randle, J. and Hutley, L. B.: Carbon dioxide fluxes dominate the greenhouse gas exchanges of a seasonal wetland in the wet–dry tropics of northern Australia, Agric. For. Meteorol., 182–183, 239–247, 2013.","Wetland","Tropical"
"AU-Gin",821,-31.3764,115.7138,51,"WSA","Csa - Warm temperate with dry, hot summer",NA,"Savanna","Temperate"
"AU-GWW",345,-30.1913,120.6541,446,"SAV","BSh",NA,"Savanna","Arid"
"AU-How",2353,-12.4943,131.1523,39,"WSA","Aw - Equatorial savannah with dry winter","Beringer, J., Hutley, L. B., Tapper, N. J. and Cernusak, L. A.: Savanna fires and their impact on net ecosystem productivity in North Australia, Glob. Chang. Biol., 13(5), 990–1004, 2007.","Savanna","Tropical"
"AU-Lox",286,-34.4704,140.6551,44,"DBF","BSk","Stevens, R. M., Ewenz, C. M., Grigson, G. and Conner, S. M.: Water use by an irrigated almond orchard, Irrig. Sci., 30(3), 189–200, 2012.","Forest","Arid"
"AU-RDF",515,-14.5636,132.4776,190,"WSA","Aw","Bristow, M., Hutley, L. B., Beringer, J., Livesley, S. J., Edwards, A. C. and Arndt, S. K.: Quantifying the relative importance of greenhouse gas emissions from current and future savanna land use change across northern Australia, Biogeosciences, 13(22), 6285–6303, 2016.","Savanna","Tropical"
"AU-Rig",920,-36.6499,145.5759,150,"GRA","Cfb - Warm temperate fully humid with warm summer","Beringer, J., Hutley, L. B., McHugh, I., Arndt, S. K., Campbell, D., Cleugh, H. A., Cleverly, J., Resco de Dios, V., Eamus, D., Evans, B., Ewenz, C., Grace, P., Griebel, A., Haverd, V., Hinko-Najera, N., Huete, A., Isaac, P., Kanniah, K., Leuning, R., Liddell, M. J., Macfarlane, C., Meyer, W., Moore, C., Pendall, E., Phillips, A., Phillips, R. L., Prober, S. M., Restrepo-Coupe, N., Rutledge, S., Schroder, I., Silberstein, R., Southall, P., Yee, M. S., Tapper, N. J., Gorsel, E. van, Vote, C., Walker, J. and ","Grassland","Temperate"
"AU-Rob",267,-17.1175,145.6301,710,"EBF","Cfa","Beringer, J., Hutley, L. B., McHugh, I., Arndt, S. K., Campbell, D., Cleugh, H. A., Cleverly, J., Resco de Dios, V., Eamus, D., Evans, B., Ewenz, C., Grace, P., Griebel, A., Haverd, V., Hinko-Najera, N., Huete, A., Isaac, P., Kanniah, K., Leuning, R., Liddell, M. J., Macfarlane, C., Meyer, W., Moore, C., Pendall, E., Phillips, A., Phillips, R. L., Prober, S. M., Restrepo-Coupe, N., Rutledge, S., Schroder, I., Silberstein, R., Southall, P., Yee, M. S., Tapper, N. J., Gorsel, E. van, Vote, C., Walker, J. and ","Forest","Temperate"
"AU-Stp",1627,-17.1507,133.3502,228,"GRA","BSh - Arid Steppe hot","Beringer, J., Hutley, L. B., Hacker, J. M., Neininger, B. and Paw U, K. T.: Patterns and processes of carbon, water and energy cycles across northern Australian landscapes: From point to region, Agric. For. Meteorol., 151(11), 1409–1416, 2011a.","Grassland","Arid"
"AU-TTE",882,-22.287,133.64,552,"GRA","BWh - Arid desert hot",NA,"Grassland","Arid"
"AU-Tum",2505,-35.6566,148.1517,1200,"EBF","Cfb - Warm temperate fully humid with warm summer","Leuning, R., Cleugh, H. A., Zegelin, S. J. and Hughes, D.: Carbon and water fluxes over a temperate Eucalyptus forest and a tropical wet/dry savanna in Australia: measurements and comparison with MODIS remote sensing estimates, Agric. For. Meteorol., 129(3–4), 151–173, 2005.","Forest","Temperate"
"AU-Wac",985,-37.4259,145.1878,753,"EBF","Cfb - Warm temperate fully humid with warm summer","Kilinc, M., Beringer, J., Hutley, L. B., Tapper, N. J. and McGuire, D. A.: Carbon and water exchange of the world’s tallest angiosperm forest, Agric. For. Meteorol., 182–183, 215–224, 2013.","Forest","Temperate"
"AU-Whr",792,-36.6732,145.0294,152,"EBF","Cfb - Warm temperate fully humid with warm summer","McHugh, I. D., Beringer, J., Cunningham, S. C., Baker, P. J., Cavagnaro, T. R., Mac Nally, R. and Thompson, R. M.: Interactions between nocturnal turbulent flux, storage and advection at an “ideal” eucalypt woodland site, Biogeoscience, 14, 3027-3050, 2017.","Forest","Temperate"
"AU-Wom",1007,-37.4222,144.0944,705,"EBF","Cfb - Warm temperate fully humid with warm summer",NA,"Forest","Temperate"
"AU-Ync",714,-34.9893,146.2907,126,"GRA","BSk - Arid Steppe cold","Yee, M. S., Pauwels, V. R. N., Daly, E., Beringer, J., Rüdiger, C., McCabe, M. F. and Walker, J. P.: A comparison of optical and microwave scintillometers with eddy covariance derived surface heat fluxes, Agric. For. Meteorol., 213, 226–239, 2015.","Grassland","Arid"
"BE-Bra",3729,51.3076,4.5198,16,"MF","Cfb - Warm temperate fully humid with warm summer","Carrara, A., Janssens, I. A., Curiel Yuste, J. and Ceulemans, R.: Seasonal changes in photosynthesis, respiration and NEE of a mixed temperate forest, Agric. For. Meteorol., 126(1–2), 15–31, 2004.","Forest","Temperate"
"BE-Lon",1853,50.5516,4.7462,167,"CRO","Cfb - Warm temperate fully humid with warm summer","Moureaux, C., Debacq, A., Bodson, B., Heinesch, B. and Aubinet, M.: Annual net ecosystem carbon exchange by a sugar beet crop, Agric. For. Meteorol., 139(1–2), 25–39, 2006.","Cropland","Temperate"
"BE-Vie",3448,50.3049,5.9981,493,"MF","Cfb - Warm temperate fully humid with warm summer","Aubinet, M., Chermanne, B., Vandenhaute, M., Longdoz, B., Yernaux, M. and Laitat, E.: Long term carbon dioxide exchange above a mixed forest in the Belgian Ardennes, Agric. For. Meteorol., 108(4), 293–315, 2001.","Forest","Temperate"
"CA-Gro",2359,48.2167,-82.1556,340,"MF","Dfb - Snow fully humid warm summer","Barr, A., Richardson, A., Hollinger, D., Papale, D., Arain, M., Black, T., Bohrer, G., Dragoni, D., Fischer, M., Gu, L., Law, B., Margolis, H., McCaughey, J., Munger, J., Oechel, W., Schaeffer, K. (2013) Use Of Change-Point Detection For Friction–Velocity Threshold Evaluation In Eddy-Covariance Studies, Agricultural And Forest Meteorology, 171-172(7), 31-45","Forest","Cold"
"CA-Obs",958,53.9872,-105.1178,628.94,"ENF","Dfc - Snow fully humid cool summer","Barr, A., Richardson, A., Hollinger, D., Papale, D., Arain, M., Black, T., Bohrer, G., Dragoni, D., Fischer, M., Gu, L., Law, B., Margolis, H., McCaughey, J., Munger, J., Oechel, W., Schaeffer, K. (2013) Use Of Change-Point Detection For Friction–Velocity Threshold Evaluation In Eddy-Covariance Studies, Agricultural And Forest Meteorology, 171-172(5), 31-45","Forest","Cold"
"CA-Qfo",1761,49.6925,-74.3421,382,"ENF","Dfc - Snow fully humid cool summer","Baldocchi, D., Penuelas, J. (2018) The Physics And Ecology Of Mining Carbon Dioxide From The Atmosphere By Ecosystems, Global Change Biology, 45(1), 9275–9287","Forest","Cold"
"CA-SF1",712,54.485,-105.8176,536,"ENF","Dfc - Snow fully humid cool summer","Amiro, B. (2009) Measuring Boreal Forest Evapotranspiration Using The Energy Balance Residual, Journal Of Hydrology, 366(1-4), 112-118","Forest","Cold"
"CA-SF2",472,54.2539,-105.8775,520,"ENF","Dfc - Snow fully humid cool summer","Amiro, B. (2009) Measuring Boreal Forest Evapotranspiration Using The Energy Balance Residual, Journal Of Hydrology, 366(1-4), 112-118","Forest","Cold"
"CA-SF3",781,54.0916,-106.0053,540,"OSH","Dfc - Snow fully humid cool summer","Amiro, B. (2009) Measuring Boreal Forest Evapotranspiration Using The Energy Balance Residual, Journal Of Hydrology, 366(1-4), 112-118","Shrubland","Cold"
"CA-TP1",3186,42.6609,-80.5595,265,"ENF","Dfb - Snow fully humid warm summer","Arain, M. A., Restrepo-Coupe, N. (2005) Net Ecosystem Production In A Temperate Pine Plantation In Southeastern Canada, Agricultural And Forest Meteorology, 128(3-4), 223-241","Forest","Cold"
"CA-TP2",1561,42.7744,-80.4588,212,"ENF","Dfb - Snow fully humid warm summer","Arain, M. A., Restrepo-Coupe, N. (2005) Net Ecosystem Production In A Temperate Pine Plantation In Southeastern Canada, Agricultural And Forest Meteorology, 128(3-4), 223-241","Forest","Cold"
"CA-TP3",2500,42.7068,-80.3483,184,"ENF","Dfb - Snow fully humid warm summer","Arain, M. A., Restrepo-Coupe, N. (2005) Net Ecosystem Production In A Temperate Pine Plantation In Southeastern Canada, Agricultural And Forest Meteorology, 128(3-4), 223-241","Forest","Cold"
"CA-TP4",2983,42.7102,-80.3574,184,"ENF","Dfb - Snow fully humid warm summer","Arain, M. A., Restrepo-Coupe, N. (2005) Net Ecosystem Production In A Temperate Pine Plantation In Southeastern Canada, Agricultural And Forest Meteorology, 128(3-4), 223-241","Forest","Cold"
"CA-TPD",881,42.6353,-80.5577,260,"DBF","Dfb - Snow fully humid warm summer","Chu, H., Baldocchi, D. D., Poindexter, C., Abraha, M., Desai, A. R., Bohrer, G., Arain, M. A., Griffis, T., Blanken, P. D., O'Halloran, T. L., Thomas, R. Q., Zhang, Q., Burns, S. P., Frank, J. M., Christian, D., Brown, S., Black, T. A., Gough, C. M., Law, B. E., Lee, X., Chen, J., Reed, D. E., Massman, W. J., Clark, K., Hatfield, J., Prueger, J., Bracho, R., Baker, J. M., Martin, T. A. (2018) Temporal Dynamics Of Aerodynamic Canopy Height Derived From Eddy Covariance Momentum Flux Data Across North American Flux Networks, Geophysical Research Letters, 45(), 9275–9287","Forest","Cold"
"CH-Cha",1020,47.2102,8.4104,393,"GRA","Cfb - Warm temperate fully humid with warm summer","Merbold, L., Eugster, W., Stieger, J., Zahniser, M., Nelson, D. and Buchmann, N.: Greenhouse gas budget (CO2, CH4 and N2O) of intensively managed grassland following restoration, Glob. Chang. Biol., 20(6), 1913–1928, 2014.","Grassland","Temperate"
"CH-Dav",1966,46.8153,9.8559,1639,"ENF","ET - Polar tundra","Zielis, S., Etzold, S., Zweifel, R., Eugster, W., Haeni, M. and Buchmann, N.: NEP of a Swiss subalpine forest is significantly driven not only by current but also by previous year’s weather, Biogeosciences, 11(6), 1627–1635, 2014.","Forest","Polar"
"CH-Fru",1454,47.1158,8.5378,982,"GRA","Cfb - Warm temperate fully humid with warm summer","Imer, D., Merbold, L., Eugster, W. and Buchmann, N.: Temporal and spatial variations of soil CO2, CH4 and N2O fluxes at three differently managed grasslands, Biogeosciences, 10(9), 5931–5945, 2013.","Grassland","Temperate"
"CN-Cng",1004,44.5934,123.5092,143,"GRA","Dwa",NA,"Grassland","Cold"
"CN-Du2",764,42.0467,116.2836,1321,"GRA","Dwb - Snow dry winter warm summer","Chen, S., Chen, J., Lin, G., Zhang, W., Miao, H., Wei, L., Huang, J. and Han, X.: Energy balance and partition in Inner Mongolia steppe ecosystems with different land use types, Agric. For. Meteorol., 149(11), 1800–1809, 2009.","Grassland","Cold"
"CN-Du3",275,42.0551,116.2809,1313,"GRA","Dwb - Snow dry winter warm summer",NA,"Grassland","Cold"
"CN-HaM",594,37.37,101.18,4006,"GRA","ET","Kato, T., Tang, Y., Gu, S., Hirota, M., Du, M., Li, Y. and Zhao, X.: Temperature and biomass influences on interannual changes in CO2 exchange in an alpine meadow on the Qinghai-Tibetan Plateau, Glob. Chang. Biol., 12(7), 1285–1298, 2006.","Grassland","Polar"
"CZ-wet",1394,49.0247,14.7704,426,"WET","Cfb - Warm temperate fully humid with warm summer","Dušek, J., Čížková, H., Stellner, S., Czerný, R. and Květ, J.: Fluctuating water table affects gross ecosystem production and gross radiation use efficiency in a sedge-grass marsh, Hydrobiologia, 692(1), 57–66, 2012.","Wetland","Temperate"
"DE-Geb",3990,51.0997,10.9146,161.5,"CRO","Cfb - Warm temperate fully humid with warm summer","Anthoni, P. M., Knohl, A., Rebmann, C., Freibauer, A., Mund, M., Ziegler, W., Kolle, O. and Schulze, E.-D.: Forest and agricultural land-use-dependent CO2 exchange in Thuringia, Germany, Glob. Chang. Biol., 10(12), 2005–2019, 2004.","Cropland","Temperate"
"DE-Gri",2659,50.95,13.5126,385,"GRA","Cfb - Warm temperate fully humid with warm summer","Prescher, A.-K., Grünwald, T., Bernhofer, C: Land use regulates carbon budgets in eastern Germany: From NEE to NBP. Agric. For. Meteorol., 150, 1016-1025, 2010.","Grassland","Temperate"
"DE-Hai",3421,51.0792,10.4522,430,"DBF","Cfb - Warm temperate fully humid with warm summer","Knohl, A., Schulze, E.-D., Kolle, O. and Buchmann, N.: Large carbon uptake by an unmanaged 250-year-old deciduous forest in Central Germany, Agric. For. Meteorol., 118(3–4), 151–167, 2003.","Forest","Temperate"
"DE-Kli",1914,50.8931,13.5224,478,"CRO","Cfb - Warm temperate fully humid with warm summer","Prescher, A.-K., Grünwald, T., Bernhofer, C: Land use regulates carbon budgets in eastern Germany: From NEE to NBP. Agric. For. Meteorol., 150, 1016-1025, 2010.","Cropland","Temperate"
"DE-Lkb",1008,49.0996,13.3047,1308,"ENF","Cfb - Warm temperate fully humid with warm summer","Lindauer, M., Schmid, H. P., Grote, R., Mauder, M., Steinbrecher, R. and Wolpert, B.: Net ecosystem exchange over a non-cleared wind-throw-disturbed upland spruce forest—Measurements and simulations, Agric. For. Meteorol., 197, 219–234, 2014.","Forest","Temperate"
"DE-Lnf",1748,51.3282,10.3678,451,"DBF","Cfb - Warm temperate fully humid with warm summer","Anthoni, P. M., Knohl, A., Rebmann, C., Freibauer, A., Mund, M., Ziegler, W., Kolle, O. and Schulze, E.-D.: Forest and agricultural land-use-dependent CO2 exchange in Thuringia, Germany, Glob. Chang. Biol., 10(12), 2005–2019, 2004.","Forest","Temperate"
"DE-Obe",1328,50.7867,13.7213,734,"ENF","Cfb - Warm temperate fully humid with warm summer",NA,"Forest","Temperate"
"DE-Seh",722,50.8706,6.4497,103,"CRO","Cfb - Warm temperate fully humid with warm summer","Schmidt, M., Reichenau, T. G., Fiener, P. and Schneider, K.: The carbon budget of a winter wheat field: An eddy covariance analysis of seasonal and inter-annual variability, Agric. For. Meteorol., 165, 114–126, 2012.","Cropland","Temperate"
"DE-SfN",556,47.8064,11.3275,590,"WET","Cfb - Warm temperate fully humid with warm summer","Hommeltenberg, J., Schmid, H. P., Drösler, M. and Werle, P.: Can a bog drained for forestry be a stronger carbon sink than a natural bog forest?, Biogeosciences, 11(13), 3477–3493, 2014.","Wetland","Temperate"
"DE-Tha",4753,50.9626,13.5651,385,"ENF","Cfb - Warm temperate fully humid with warm summer","Grünwald, T. and Bernhofer, C.: A decade of carbon, water and energy flux measurements of an old spruce forest at the Anchor Station Tharandt, Tellus B Chem. Phys. Meteorol., 59(3), 387–396, 2007.","Forest","Temperate"
"DK-Eng",678,55.6905,12.1918,10,"GRA","Cfb - Warm temperate fully humid with warm summer",NA,"Grassland","Temperate"
"DK-Fou",199,56.4842,9.5872,51,"CRO","Cfb - Warm temperate fully humid with warm summer",NA,"Cropland","Temperate"
"DK-Sor",1924,55.4859,11.6446,40,"DBF","Cfb - Warm temperate fully humid with warm summer","Pilegaard, K., Ibrom, A., Courtney, M. S., Hummelshøj, P. and Jensen, N. O.: Increasing net CO2 uptake by a Danish beech forest during the period from 1996 to 2009, Agric. For. Meteorol., 151(7), 934–946, 2011.","Forest","Temperate"
"ES-Amo",958,36.8336,-2.2523,58,"OSH","BSk - Arid Steppe cold","López-Ballesteros, A., Serrano-Ortiz, P., Kowalski, A.S., Sánchez-Cañete, E.P., Scott, R.L. and Domingo F.: Subterranean ventilation of allochthonous CO governs net CO exchange in a semiarid Mediterranean grassland, Agricultural and Forest Meteorology, 234, 115-126, 2017.","Shrubland","Arid"
"ES-LgS",639,37.0979,-2.9658,2267,"OSH","Csa - Warm temperate with dry, hot summer","Reverter, B. R., Sánchez-Cañete, E. P., Resco, V., Serrano-Ortiz, P., Oyonarte, C. and Kowalski, A. S.: Analyzing the major drivers of NEE in a Mediterranean alpine shrubland, Biogeosciences, 7(9), 2601–2611, 2010.","Shrubland","Temperate"
"ES-LJu",2451,36.9266,-2.7521,1600,"OSH","Csa - Warm temperate with dry, hot summer","Serrano-Ortiz, P., Domingo, F., Cazorla,  A., Were, A., Cuezva, S., Villagarcía, L., Alados-Arboledas, L. and Kowalski, A.S.: Interannual CO2 exchange of a sparse Mediterranean shrubland on a carbonaceous substrate, J. Geophys. Res., 114, G04015, 2009.","Shrubland","Temperate"
"FI-Hyy",739,61.8474,24.2948,181,"ENF","Dfc - Snow fully humid cool summer","Suni, T., Rinne, J., Reissell, A., Altimir, N., Keronen, P., Rannik, Ü., Maso, M. D., Kulmala, M. and Vesala, T.: Long-term measurements of surface fluxes above a Scots pine forest in Hyytiälä, southern Finland, 1996–2001, BOREAL ENVIRONEMNT RESEARCH, 8, 287–301, 2003.","Forest","Cold"
"FI-Jok",711,60.8986,23.5134,109,"CRO","Dfc - Snow fully humid cool summer","Lohila, A., Aurela, M., Tuovinen, J.-P. and Laurila, T.: Annual CO2 exchange of a peat field growing spring barley or perennial forage grass, J. Geophys. Res., 109(D18), D18116, 2004.","Cropland","Cold"
"FI-Let",392,60.6418,23.9595,111,"ENF","Dfb - Snow fully humid warm summer","Korkiakoski M., Tuovinen J-P., Aurela M., Koskinen M., Minkkinen K., Ojanen P., Penttilä T., Rainne J., Laurila T. and Lohila A. (2017) Methane exchange at the peatland forest floor - automatic chamber system exposes the dynamics of small fluxes, Biogeosciences, 14, 1947-1967.","Forest","Cold"
"FI-Sod",655,67.3624,26.6386,180,"ENF","Dfc - Snow fully humid cool summer","Thum, T., Aalto, T., Laurila, T., Aurela, M., Kolari, P. and Hari, P.: Parametrization of two photosynthesis models at the canopy scale in a northern boreal Scots pine forest, Tellus B Chem. Phys. Meteorol., 59(5), 874–890, 2007.","Forest","Cold"
"FR-Gri",3029,48.8442,1.9519,125,"CRO","Cfb - Warm temperate fully humid with warm summer","Loubet B., Laville P., Lehuger S., Larmanou E., Fléchard C., Mascher N., Génermont S., Roche R., Ferrara R.M., Stella P., Personne E., Durand B., Decuq C., Flura D., Masson S., Fanucci O., Rampon J.N., Siemens J., Kindler R., Gabrielle B., Schrumpf M. and Cellier P.: Carbon, nitrogen and Greenhouse gases budgets over a four years crop rotation in northern France Plant and Soil, 343, 1/2, 109–137, 2011.","Cropland","Temperate"
"FR-LBr",3115,44.7171,-0.7693,61,"ENF","Cfb - Warm temperate fully humid with warm summer","Berbigier, P., Bonnefond, J.-M. and Mellmann, P.: CO2 and water vapour fluxes for 2 years above Euroflux forest site, Agric. For. Meteorol., 108(3), 183–197, 2001.","Forest","Temperate"
"FR-Pue",3253,43.7413,3.5957,270,"EBF","Csa - Warm temperate with dry, hot summer","Rambal, S., Joffre, R., Ourcival, J. M., Cavender-Bares, J. and Rocheteau, A.: The growth respiration component in eddy CO2 flux from a Quercus ilex mediterranean forest, Glob. Chang. Biol., 10(9), 1460–1469, 2004.","Forest","Temperate"
"GH-Ank",491,5.2685,-2.6942,124,"EBF","Am - Equatorial monsoon","Chiti, T., Certini, G., Grieco, E. and Valentini, R.: The role of soil in storing carbon in tropical rainforests: the case of Ankasa Park, Ghana, Plant Soil, 331, 453-461, 2010.","Forest","Tropical"
"IT-BCi",781,40.5237,14.9574,20,"CRO","Csa - Warm temperate with dry, hot summer","Vitale, L., Di Tommasi, P., D’Urso, G. and Magliulo, V.: The response of ecosystem carbon fluxes to LAI and environmental drivers in a maize crop grown in two contrasting seasons, Int. J. Biometeorol., 60(3), 411–420, 2016.","Cropland","Temperate"
"IT-CA1",262,42.3804,12.0266,200,"DBF","Csa - Warm temperate with dry, hot summer","Sabbatini, S., Arriga, N., Bertolini, T., Castaldi, S., Chiti, T., Consalvo, C., Njakou Djomo, S., Gioli, B., Matteucci, G. and Papale, D.: Greenhouse gas balance of cropland conversion to bioenergy poplar short-rotation coppice, Biogeosciences, 13(1), 95–113, 2016.","Forest","Temperate"
"IT-CA2",312,42.3772,12.026,200,"CRO","Csa - Warm temperate with dry, hot summer","Sabbatini, S., Arriga, N., Bertolini, T., Castaldi, S., Chiti, T., Consalvo, C., Njakou Djomo, S., Gioli, B., Matteucci, G. and Papale, D.: Greenhouse gas balance of cropland conversion to bioenergy poplar short-rotation coppice, Biogeosciences, 13(1), 95–113, 2016.","Cropland","Temperate"
"IT-CA3",606,42.38,12.0222,197,"DBF","Csa - Warm temperate with dry, hot summer","Sabbatini, S., Arriga, N., Bertolini, T., Castaldi, S., Chiti, T., Consalvo, C., Njakou Djomo, S., Gioli, B., Matteucci, G. and Papale, D.: Greenhouse gas balance of cropland conversion to bioenergy poplar short-rotation coppice, Biogeosciences, 13(1), 95–113, 2016.","Forest","Temperate"
"IT-Col",3077,41.8494,13.5881,1560,"DBF","Cfa - Warm temperate fully humid with hot summer","Valentini, R., De Angelis, P., Matteucci, G., Monaco, R., Dore, S. and Mugnozza, G. E. S.: Seasonal net carbon dioxide exchange of a beech forest with the atmosphere, Glob. Chang. Biol., 2(3), 199–207, 1996.","Forest","Temperate"
"IT-Cp2",382,41.7043,12.3573,19,"EBF","Csa - Warm temperate with dry, hot summer","Fares, S., Savi, F., Muller, J., Matteucci, G. and Paoletti, E.: Simultaneous measurements of above and below canopy ozone fluxes help partitioning ozone deposition between its various sinks in a Mediterranean Oak Forest, Agric. For. Meteorol., 198–199, 181–191, 2014.","Forest","Temperate"
"IT-Cpz",1404,41.7052,12.3761,68,"EBF","Csa - Warm temperate with dry, hot summer","Garbulsky, M.F., Penuelas, J., Papale, D., Filella, I.: Remote estimation of carbon dioxide uptake by a Mediterranean forest. Global Change Biology, 14, 2860–2867, 2008.","Forest","Temperate"
"IT-Isp",516,45.8126,8.6336,210,"DBF","Cfb - Warm temperate fully humid with warm summer","Estimating heterotrophic and autotrophic soil respiration in a semi-natural forest of Lombardy, Italy","Forest","Temperate"
"IT-Lav",3304,45.9562,11.2813,1353,"ENF","Cfb - Warm temperate fully humid with warm summer","Marcolla. B., Pitacco, A., Cescatti, A.: Canopy architecture and turbulence structure in a Coniferous forest. Boundary-Layer Meteorology, 108, 39–59, 2003.","Forest","Temperate"
"IT-MBo",3083,46.0147,11.0458,1550,"GRA","Dfb - Snow fully humid warm summer","Marcolla, B., Cescatti, A., Manca, G., Zorer, R., Cavagna, M., Fiora, A., Gianelle, D., Rodeghiero, M., Sottocornola, M. and Zampedri, R.: Climatic controls and ecosystem responses drive the inter-annual variability of the net ecosystem exchange of an alpine meadow, Agric. For. Meteorol., 151(9), 1233–1243, 2011.","Grassland","Cold"
"IT-Noe",832,40.6062,8.1517,25,"CSH"," -","MARRAS S., PYLES R.D, SIRCA C., PAW U K.T., SNYDER R.L., DUCE P., SPANO D. 2011. Evaluation of the Advanced Canopy-Atmosphere-Soil Algorithm (ACASA) model performance over Mediterranean maquis ecosystem. Agricultural and Forest Meteorology 151: 730-745.","Shrubland","Temperate"
"IT-PT1",664,45.2009,9.061,60,"DBF","Cfa - Warm temperate fully humid with hot summer","Migliavacca, M., Meroni, M., Busetto, L., Colombo, R., Zenone, T., Matteucci, G., Manca, G. and Seufert, G.: Modeling Gross Primary Production of Agro-Forestry Ecosystems by Assimilation of Satellite-Derived Information in a Process-Based Model, Sensors , 9(2), 922–942, 2009.","Forest","Temperate"
"IT-Ren",3067,46.5869,11.4337,1730,"ENF","Dfc - Snow fully humid cool summer","Montagnani, L., Manca, G., Canepa, E., Georgieva, E., Acosta, M., Feigenwinter, C., Janous, D., Kerschbaumer, G., Lindroth, A., Minach, L., Minerbi, S., Mölder, M., Pavelka, M., Seufert, G., Zeri, M. and Ziegler, W.: A new mass conservation approach to the study of CO2 advection in an alpine forest, J. Geophys. Res., 114(D7), D07306, 2009.","Forest","Cold"
"IT-Ro2",1303,42.3903,11.9209,160,"DBF","Csa - Warm temperate with dry, hot summer","Tedeschi, V., Rey, A., Manca, G., Valentini, R., Jarvis, P. G. and Borghetti, M.: Soil respiration in a Mediterranean oak forest at different developmental stages after coppicing, Glob. Chang. Biol., 12(1), 110–121, 2006.","Forest","Temperate"
"IT-SR2",170,43.732,10.2909,4,"ENF","Csa - Warm temperate with dry, hot summer",NA,"Forest","Temperate"
"IT-SRo",665,43.7279,10.2844,6,"ENF","Csa - Warm temperate with dry, hot summer","Chiesi, M., Maselli, F., Bindi, M., Fibbi, L., Cherubini, P., Arlotta, E., Tirone, G., Matteucci, G. and Seufert, G.: Modelling carbon budget of Mediterranean forests using ground and remote sensing measurements, Agric. For. Meteorol., 135(1–4), 22–34, 2005.","Forest","Temperate"
"IT-Tor",1113,45.8444,7.5781,2160,"GRA","Dfc - Snow fully humid cool summer","Galvagno, M., Wohlfahrt, G., Cremonese, E., Rossini, M., Colombo, R., Filippa, G., Julitta, T., Manca, G., Siniscalco, C., di Cella, U. M. and Migliavacca, M.: Phenology and carbon dioxide source/sink strength of a subalpine grassland in response to an exceptionally short snow season, Environ. Res. Lett., 8(2), 025008, 2013.","Grassland","Cold"
"NL-Hor",156,52.2403,5.0713,2.2,"GRA","Cfb - Warm temperate fully humid with warm summer","Jacobs, C. M. J., Jacobs, A. F. G., Bosveld, F. C., Hendriks, D. M. D., Hensen, A., Kroon, P. S., Moors, E. J., Nol, L., Schrier-Uijl, A. and Veenendaal, E. M.: Variability of annual CO2 exchange from Dutch grasslands, Biogeosciences, 4(5), 803–816, 2007.","Grassland","Temperate"
"NL-Loo",4543,52.1666,5.7436,25,"ENF","Cfb - Warm temperate fully humid with warm summer","Moors, E. J.: Water Use of Forests in The Netherlands, PhD-thesis, Vrije Universiteit Amsterdam., the Netherlands, 2012.","Forest","Temperate"
"RU-Fyo",2421,56.4615,32.9221,265,"ENF","Dfb - Snow fully humid warm summer","Kurbatova, J., Li, C., Varlagin, A., Xiao, X. and Vygodskaya, N.: Modeling carbon dynamics in two adjacent spruce forests with different soil conditions in Russia, Biogeosciences, 5(4), 969–980, 2008.","Forest","Cold"
"RU-Ha1",463,54.7252,90.0022,446,"GRA","Dfc - Snow fully humid cool summer","Marchesini, L. B., Papale, D., Reichstein, M., Vuichard, N., Tchebakova, N. and Valentini, R.: Carbon balance assessment of a natural steppe of southern Siberia by multiple constraint approach, Biogeosci. Discuss., 4(1), 165–208, 2007.","Grassland","Cold"
"SD-Dem",1275,13.2829,30.4783,500,"SAV","BWh - Arid desert hot","Ardö, J., Mölder, M., El-Tahir, B. A. and Elkhidir, H. A. M.: Seasonal variation of carbon fluxes in a sparse savanna in semi arid Sudan, Carbon Balance Manag., 3, 7, 2008.","Savanna","Arid"
"SJ-Adv",103,78.186,15.923,17,"WET","ET",NA,"Wetland","Polar"
"SN-Dhr",1061,15.4028,-15.4322,40,"SAV","BWh - Arid desert hot","Tagesson, T., Fensholt, R., Guiro, I., Rasmussen, M. O., Huber, S., Mbow, C., Garcia, M., Horion, S., Sandholt, I., Holm-Rasmussen, B., Göttsche, F. M., Ridler, M.-E., Olén, N., Lundegard Olsen, J., Ehammer, A., Madsen, M., Olesen, F. S. and Ardö, J.: Ecosystem properties of semiarid savanna grassland in West Africa and its relationship with environmental variability, Glob. Chang. Biol., 21(1), 250–264, 2015.","Savanna","Arid"
"US-AR1",899,36.4267,-99.42,611,"GRA","Cfa - Warm temperate fully humid with hot summer","Baldocchi, D., Penuelas, J. (2018) The Physics And Ecology Of Mining Carbon Dioxide From The Atmosphere By Ecosystems, Global Change Biology, (), ","Grassland","Temperate"
"US-AR2",1061,36.6358,-99.5975,646,"GRA","Cfa - Warm temperate fully humid with hot summer","Baldocchi, D., Penuelas, J. (2018) The Physics And Ecology Of Mining Carbon Dioxide From The Atmosphere By Ecosystems, Global Change Biology, (), ","Grassland","Temperate"
"US-ARb",381,35.5497,-98.0402,424,"GRA","Cfa - Warm temperate fully humid with hot summer","Fischer, M. L., Torn, M. S., Billesbach, D. P., Doyle, G., Northup, B., Biraud, S. C. (2012) Carbon, Water, And Heat Flux Responses To Experimental Burning And Drought In A Tallgrass Prairie, Agricultural And Forest Meteorology, 166-167(), 169-174","Grassland","Temperate"
"US-ARc",355,35.5465,-98.04,424,"GRA","Cfa - Warm temperate fully humid with hot summer","Baldocchi, D., Penuelas, J. (2018) The Physics And Ecology Of Mining Carbon Dioxide From The Atmosphere By Ecosystems, Global Change Biology, (), ","Grassland","Temperate"
"US-ARM",2769,36.6058,-97.4888,314,"CRO","Cfa - Warm temperate fully humid with hot summer","Bagley, J. E., Kueppers, L. M., Billesbach, D. P., Williams, I. N., Biraud, S. C., Torn, M. S. (2017) The Influence Of Land Cover On Surface Energy Partitioning And Evaporative Fraction Regimes In The U.S. Southern Great Plains, Journal Of Geophysical Research: Atmospheres, 122(11), 5793-5807","Cropland","Temperate"
"US-Atq",585,70.4696,-157.4089,15,"WET","ET - Polar tundra","Kwon, H.J., Oechel, W.C., Zulueta, R.C., Hastings, S.J. (2005) Effects Of Climate Variability On Carbon Sequestration Among Adjacent Wet Sedge Tundra And Moist Tussock Tundra Ecosystems, Journal Of Geophysical Research: Biogeosciences, 111(G3), 2005-2012","Wetland","Polar"
"US-Blo",2523,38.8953,-120.6328,1315,"ENF","Csb - Warm temperate with dry, warm summer","Baker, B., Guenther, A., Greenberg, J., Goldstein, A., Fall, R. (1999) Canopy Fluxes Of 2-Methyl-3-Buten-2-Ol Over A Ponderosa Pine Forest By Relaxed Eddy Accumulation: Field Data And Model Comparison, Journal Of Geophysical Research: Atmospheres, 104(D21), 26107-26114","Forest","Temperate"
"US-Cop",1140,38.09,-109.39,1520,"GRA","BSk - Arid Steppe cold","Sullivan, R. C., Cook, D. R., Ghate, V. P., Kotamarthi, V. R., Feng, Y. (2019) Improved Spatiotemporal Representativeness And Bias Reduction Of Satellite-Based Evapotranspiration Retrievals Via Use Of In Situ Meteorology And Constrained Canopy Surface Resistance, Journal Of Geophysical Research: Biogeosciences, 124(2), 342-352","Grassland","Arid"
"US-CRT",664,41.6285,-83.3471,180,"CRO","Dfa - Snow with fully humid hot summer","Chu, H., Baldocchi, D. D., Poindexter, C., Abraha, M., Desai, A. R., Bohrer, G., Arain, M. A., Griffis, T., Blanken, P. D., O'Halloran, T. L., Thomas, R. Q., Zhang, Q., Burns, S. P., Frank, J. M., Christian, D., Brown, S., Black, T. A., Gough, C. M., Law, B. E., Lee, X., Chen, J., Reed, D. E., Massman, W. J., Clark, K., Hatfield, J., Prueger, J., Bracho, R., Baker, J. M., Martin, T. A. (2018) Temporal Dynamics Of Aerodynamic Canopy Height Derived From Eddy Covariance Momentum Flux Data Across North American Flux Networks, Geophysical Research Letters, 45(5), 9275–9287","Cropland","Cold"
"US-GBT",1803,41.3658,-106.2397,3191,"ENF","Dfc - Cold/Without_Dry_Season/Cold_Summer","Baldocchi, D., Penuelas, J. (2018) The Physics And Ecology Of Mining Carbon Dioxide From The Atmosphere By Ecosystems, Global Change Biology, 45(2), 9275–9287","Forest","Cold"
"US-GLE",2953,41.3665,-106.2399,3197,"ENF","Dfb - Snow fully humid warm summer","Arain, M. A., Restrepo-Coupe, N. (2005) Net Ecosystem Production In A Temperate Pine Plantation In Southeastern Canada, Agricultural And Forest Meteorology, 128(3-4), 223-241","Forest","Cold"
"US-Goo",1273,34.2547,-89.8735,87,"GRA","Cfa - Warm temperate fully humid with hot summer","Benjamin R. K. Runkle, James R. Rigbyb, Michele L. Rebac, Saseendran S. Anapallid, Joydeep Bhattacharjeee, Ken W. Kraussf, Lu Liangg, Martin A. Locke, Kimberly A. Novick, Ruixiu Suid, Kosana Suvočareva and Paul M. White (2017) Delta-Flux: An Eddy Covariance Network for a Climate-Smart Lower Mississippi Basin, Agricultural &amp; Environmental Letters, 2(1), 170003 - 170003","Grassland","Temperate"
"US-IB2",2111,41.8406,-88.241,226.5,"GRA","Dfa - Snow with fully humid hot summer","Allison, V. J., Miller, R. M., Jastrow, J. D., Matamala, R., Zak, D. R. (2005) Changes In Soil Microbial Community Structure In A Tallgrass Prairie Chronosequence, Soil Science Society Of America Journal, 69(5), 1412-1421","Grassland","Cold"
"US-Ivo",631,68.4865,-155.7503,568,"WET","ET - Polar tundra","McEwing, K. R., Fisher, J. P., Zona, D. (2015) Environmental And Vegetation Controls On The Spatial Variability Of CH4 Emission From Wet-Sedge And Tussock Tundra Ecosystems In The Arctic, Plant And Soil, 388(1-2), 37-52","Wetland","Polar"
"US-KS2",853,28.6086,-80.6715,3,"CSH","Cfa - Warm temperate fully humid with hot summer","Baldocchi, D., Penuelas, J. (2018) The Physics And Ecology Of Mining Carbon Dioxide From The Atmosphere By Ecosystems, Global Change Biology, 207(1), 117-126","Shrubland","Temperate"
"US-Lin",315,36.3566,-119.0922,131,"CRO","BSk","Fares, S., Vargas, R., Detto, M., Goldstein, A. H., Karlik, J., Paoletti, E., Vitale, M. (2013) Tropospheric Ozone Reduces Carbon Assimilation In Trees: Estimates From Analysis Of Continuous Flux Measurements, Global Change Biology, 19(8), 2427-2443","Cropland","Arid"
"US-Los",1937,46.0827,-89.9792,480,"WET","Dfb - Snow fully humid warm summer","Baker, I., Denning, A. S., Hanan, N., Prihodko, L., Uliasz, M., Vidale, P., Davis, K., Bakwin, P. (2003) Simulated And Observed Fluxes Of Sensible And Latent Heat And CO2 At The WLEF-TV Tower Using SiB2.5, Global Change Biology, 9(9), 1262-1277","Wetland","Cold"
"US-LWW",666,34.9604,-97.9789,365,"GRA","Cfa - Warm temperate fully humid with hot summer","Meyers, T. P. (2001) A Comparison Of Summertime Water And CO2 Fluxes Over Rangeland For Well Watered And Drought Conditions, Agricultural And Forest Meteorology, 106(3), 205-214","Grassland","Temperate"
"US-Me1",162,44.5794,-121.5,896,"ENF","Csb - Warm temperate with dry, warm summer","Baldocchi, D., Penuelas, J. (2018) The Physics And Ecology Of Mining Carbon Dioxide From The Atmosphere By Ecosystems, Global Change Biology, 10(9), 1470-1481","Forest","Temperate"
"US-Me2",3162,44.4523,-121.5574,1253,"ENF","Csb - Warm temperate with dry, warm summer","Campbell, J. L., Sun, O. J., Law, B. E. (2004) Disturbance And Net Ecosystem Production Across Three Climatically Distinct Forest Landscapes, Global Biogeochemical Cycles, 18(4), n/a-n/a","Forest","Temperate"
"US-Me4",698,44.4992,-121.6224,922,"ENF","Csb - Warm temperate with dry, warm summer","Anthoni, P. M., Law, B. E., Unsworth, M. H. (1999) Carbon And Water Vapor Exchange Of An Open-Canopied Ponderosa Pine Ecosystem, Agricultural And Forest Meteorology, 95(3), 151-168","Forest","Temperate"
"US-Me5",589,44.4372,-121.5668,1188,"ENF","Csb - Warm temperate with dry, warm summer","Anthoni, P. M., Unsworth, M. H., Law, B. E., Irvine, J., Baldocchi, D. D., Tuyl, S. V., Moore, D. (2002) Seasonal Differences In Carbon And Water Vapor Exchange In Young And Old-Growth Ponderosa Pine Ecosystems, Agricultural And Forest Meteorology, 111(3), 203-222","Forest","Temperate"
"US-Me6",98,44.3233,-121.6078,998,"ENF","Csb - Warm temperate with dry, warm summer","Chu, H., Baldocchi, D. D., Poindexter, C., Abraha, M., Desai, A. R., Bohrer, G., Arain, M. A., Griffis, T., Blanken, P. D., O'Halloran, T. L., Thomas, R. Q., Zhang, Q., Burns, S. P., Frank, J. M., Christian, D., Brown, S., Black, T. A., Gough, C. M., Law, B. E., Lee, X., Chen, J., Reed, D. E., Massman, W. J., Clark, K., Hatfield, J., Prueger, J., Bracho, R., Baker, J. M., Martin, T. A. (2018) Temporal Dynamics Of Aerodynamic Canopy Height Derived From Eddy Covariance Momentum Flux Data Across North American Flux Networks, Geophysical Research Letters, 45(21), 9275–9287","Forest","Temperate"
"US-MMS",4420,39.3232,-86.4131,275,"DBF","Cfa - Warm temperate fully humid with hot summer","Baldocchi, D. D., Black, T. A., Curtis, P. S., Falge, E., Fuentes, J. D., Granier, A., Gu, L., Knohl, A., Lee, X., Pilegaard, K., Schmid, H. P., Valentini, R., Wilson, K., Wofsy, S., Xu, L., Yamamoto, S. (2005) Predicting The Onset Of Net Carbon Uptake By Deciduous Forests With Soil Temperature And Climate Data: A Synthesis Of FLUXNET Data, International Journal Of Biometeorology, 49(6), 377-387","Forest","Temperate"
"US-Ne1",3755,41.1651,-96.4766,361,"CRO","Dfa - Snow with fully humid hot summer","Amos, B., Arkebauer, T. J., Doran, J. W. (2005) Soil Surface Fluxes Of Greenhouse Gases In An Irrigated Maize-Based Agroecosystem, Soil Science Society Of America Journal, 69(2), 387-395","Cropland","Cold"
"US-Ne2",3716,41.1649,-96.4701,362,"CRO","Dfa - Snow with fully humid hot summer","Amos, B., Arkebauer, T. J., Doran, J. W. (2005) Soil Surface Fluxes Of Greenhouse Gases In An Irrigated Maize-Based Agroecosystem, Soil Science Society Of America Journal, 69(2), 387-395","Cropland","Cold"
"US-Ne3",3753,41.1797,-96.4397,363,"CRO","Dfa - Snow with fully humid hot summer","Amos, B., Arkebauer, T. J., Doran, J. W. (2005) Soil Surface Fluxes Of Greenhouse Gases In An Irrigated Maize-Based Agroecosystem, Soil Science Society Of America Journal, 69(2), 387-395","Cropland","Cold"
"US-NR1",4736,40.0329,-105.5464,3050,"ENF","Dfc - Snow fully humid cool summer","Albert, L. P., Keenan, T. F., Burns, S. P., Huxman, T. E., Monson, R. K. (2017) Climate Controls Over Ecosystem Metabolism: Insights From A Fifteen-Year Inductive Artificial Neural Network Synthesis For A Subalpine Forest, Oecologia, 184(1), 25-41","Forest","Cold"
"US-Oho",2527,41.5545,-83.8438,230,"DBF","Dfa - Snow with fully humid hot summer","Chu, H., Baldocchi, D. D., Poindexter, C., Abraha, M., Desai, A. R., Bohrer, G., Arain, M. A., Griffis, T., Blanken, P. D., O'Halloran, T. L., Thomas, R. Q., Zhang, Q., Burns, S. P., Frank, J. M., Christian, D., Brown, S., Black, T. A., Gough, C. M., Law, B. E., Lee, X., Chen, J., Reed, D. E., Massman, W. J., Clark, K., Hatfield, J., Prueger, J., Bracho, R., Baker, J. M., Martin, T. A. (2018) Temporal Dynamics Of Aerodynamic Canopy Height Derived From Eddy Covariance Momentum Flux Data Across North American Flux Networks, Geophysical Research Letters, 45(11), 9275–9287","Forest","Cold"
"US-Prr",277,65.1237,-147.4876,210,"ENF","Dfc - Snow fully humid cool summer"," (2015) Understory CO2, Sensible Heat, and Latent Heat Fluxes in a Black Spruce Forest in Interior Alaska, Agricultural And Forest Meteorology, 214-215(2), 80-90","Forest","Cold"
"US-SRC",623,31.9083,-110.8395,950,"OSH","BSk - Arid Steppe cold","Wolf, S., Keenan, T.F., Fisher, J.B., Baldocchi, D.D., Desai, A.R., Richardson, A.D., Scott, R.L., Law, B.E., Litvak, M.E., Brunsell, N.A., Peters, W., van der Laan-Luijkx, I.T. (2016) Warm spring reduced carbon cycle impact of the 2012 US summer drought, Proceedings of the National Academy of Sciences, 113(21), 5880-5885","Shrubland","Arid"
"US-SRG",2302,31.7894,-110.8277,1291,"GRA","BSk - Arid Steppe cold","Baldocchi, D., Penuelas, J. (2018) The Physics And Ecology Of Mining Carbon Dioxide From The Atmosphere By Ecosystems, Global Change Biology, 45(2), 748-757","Grassland","Arid"
"US-SRM",3727,31.8214,-110.8661,1120,"WSA","BSk - Arid Steppe cold","Barron-Gafford, G. A., Scott, R. L., Jenerette, G. D., Hamerlynck, E. P., Huxman, T. E. (2013) Landscape And Environmental Controls Over Leaf And Ecosystem Carbon Dioxide Fluxes Under Woody Plant Expansion, Journal Of Ecology, 101(6), 1471-1483","Savanna","Arid"
"US-Syv",1568,46.242,-89.3477,540,"MF","Dfb - Snow fully humid warm summer","Barr, A., Richardson, A., Hollinger, D., Papale, D., Arain, M., Black, T., Bohrer, G., Dragoni, D., Fischer, M., Gu, L., Law, B., Margolis, H., McCaughey, J., Munger, J., Oechel, W., Schaeffer, K. (2013) Use Of Change-Point Detection For Friction–Velocity Threshold Evaluation In Eddy-Covariance Studies, Agricultural And Forest Meteorology, 171-172(7), 31-45","Forest","Cold"
"US-Ton",4327,38.4309,-120.966,177,"WSA","Csa - Warm temperate with dry, hot summer","Baldocchi, D. D., Ma, S., Rambal, S., Misson, L., Ourcival, J., Limousin, J., Pereira, J., Papale, D. (2010) On The Differential Advantages Of Evergreenness And Deciduousness In Mediterranean Oak Woodlands: A Flux Perspective, Ecological Applications, 20(6), 1583-1597","Savanna","Temperate"
"US-Tw2",281,38.1047,-121.6433,-5,"CRO","Csa - Warm temperate with dry, hot summer","Baldocchi, D., Penuelas, J. (2018) The Physics And Ecology Of Mining Carbon Dioxide From The Atmosphere By Ecosystems, Global Change Biology, 20(8), 1619-1633","Cropland","Temperate"
"US-Tw3",484,38.1152,-121.6469,-9,"CRO","Csa - Warm temperate with dry, hot summer","Baldocchi, D., Penuelas, J. (2018) The Physics And Ecology Of Mining Carbon Dioxide From The Atmosphere By Ecosystems, Global Change Biology, 45(), 9275–9287","Cropland","Temperate"
"US-Tw4",357,38.1027,-121.6413,-5,"WET","Csa - Warm temperate with dry, hot summer","Chamberlain, S. D., Verfaillie, J., Eichelmann, E., Hemes, K. S., Baldocchi, D. D. (2017) Evaluation Of Density Corrections To Methane Fluxes Measured By Open-Path Eddy Covariance Over Contrasting Landscapes, Boundary-Layer Meteorology, 122(1), 145-167","Wetland","Temperate"
"US-Var",3359,38.4133,-120.9508,129,"GRA","Csa - Warm temperate with dry, hot summer","Baldocchi, D. D., Xu, L., Kiang, N. (2004) How Plant Functional-Type, Weather, Seasonal Drought, And Soil Physical Properties Alter Water And Energy Fluxes Of An Oak–Grass Savanna And An Annual Grassland, Agricultural And Forest Meteorology, 123(1-2), 13-39","Grassland","Temperate"
"US-WCr",2102,45.8059,-90.0799,520,"DBF","Dfb - Snow fully humid warm summer","Baker, I., Denning, A. S., Hanan, N., Prihodko, L., Uliasz, M., Vidale, P., Davis, K., Bakwin, P. (2003) Simulated And Observed Fluxes Of Sensible And Latent Heat And CO2 At The WLEF-TV Tower Using SiB2.5, Global Change Biology, 9(9), 1262-1277","Forest","Cold"
"US-Whs",2619,31.7438,-110.0522,1370,"OSH","BSk - Arid Steppe cold","Biederman, J. A., Scott, R. L., Bell, T. W., Bowling, D. R., Dore, S., Garatuza-Payan, J., Kolb, T. E., Krishnan, P., Krofcheck, D. J., Litvak, M. E., Maurer, G. E., Meyers, T. P., Oechel, W. C., Papuga, S. A., Ponce-Campos, G. E., Rodriguez, J. C., Smith, W. K., Vargas, R., Watts, C. J., Yepez, E. A., Goulden, M. L. (2017) Co2 Exchange And Evapotranspiration Across Dryland Ecosystems Of Southwestern North America, Global Change Biology, 23(10), 4204-4221","Shrubland","Arid"
"US-Wi0",143,46.6188,-91.0814,349,"ENF","Dfb - Snow fully humid warm summer","Chu, H., Baldocchi, D. D., Poindexter, C., Abraha, M., Desai, A. R., Bohrer, G., Arain, M. A., Griffis, T., Blanken, P. D., O'Halloran, T. L., Thomas, R. Q., Zhang, Q., Burns, S. P., Frank, J. M., Christian, D., Brown, S., Black, T. A., Gough, C. M., Law, B. E., Lee, X., Chen, J., Reed, D. E., Massman, W. J., Clark, K., Hatfield, J., Prueger, J., Bracho, R., Baker, J. M., Martin, T. A. (2018) Temporal Dynamics Of Aerodynamic Canopy Height Derived From Eddy Covariance Momentum Flux Data Across North American Flux Networks, Geophysical Research Letters, 45(2), 9275–9287","Forest","Cold"
"US-Wi3",296,46.6347,-91.0987,411,"DBF","Dfb - Snow fully humid warm summer","Chu, H., Baldocchi, D. D., Poindexter, C., Abraha, M., Desai, A. R., Bohrer, G., Arain, M. A., Griffis, T., Blanken, P. D., O'Halloran, T. L., Thomas, R. Q., Zhang, Q., Burns, S. P., Frank, J. M., Christian, D., Brown, S., Black, T. A., Gough, C. M., Law, B. E., Lee, X., Chen, J., Reed, D. E., Massman, W. J., Clark, K., Hatfield, J., Prueger, J., Bracho, R., Baker, J. M., Martin, T. A. (2018) Temporal Dynamics Of Aerodynamic Canopy Height Derived From Eddy Covariance Momentum Flux Data Across North American Flux Networks, Geophysical Research Letters, 45(2), 9275–9287","Forest","Cold"
"US-Wi4",412,46.7393,-91.1663,352,"ENF","Dfb - Snow fully humid warm summer","Chu, H., Baldocchi, D. D., Poindexter, C., Abraha, M., Desai, A. R., Bohrer, G., Arain, M. A., Griffis, T., Blanken, P. D., O'Halloran, T. L., Thomas, R. Q., Zhang, Q., Burns, S. P., Frank, J. M., Christian, D., Brown, S., Black, T. A., Gough, C. M., Law, B. E., Lee, X., Chen, J., Reed, D. E., Massman, W. J., Clark, K., Hatfield, J., Prueger, J., Bracho, R., Baker, J. M., Martin, T. A. (2018) Temporal Dynamics Of Aerodynamic Canopy Height Derived From Eddy Covariance Momentum Flux Data Across North American Flux Networks, Geophysical Research Letters, 45(2), 9275–9287","Forest","Cold"
"US-Wi6",152,46.6249,-91.2982,371,"OSH","Dfb - Snow fully humid warm summer","Desai, A. R., Noormets, A., Bolstad, P. V., Chen, J., Cook, B. D., Davis, K. J., Euskirchen, E. S., Gough, C., Martin, J. G., Ricciuto, D. M., Schmid, H. P., Tang, J., Wang, W. (2008) Influence Of Vegetation And Seasonal Forcing On Carbon Dioxide Fluxes Across The Upper Midwest, Usa: Implications For Regional Scaling, Agricultural And Forest Meteorology, 148(2), 288-308","Shrubland","Cold"
"US-Wi8",143,46.7223,-91.2524,348,"DBF","Dfb - Snow fully humid warm summer","Chu, H., Baldocchi, D. D., Poindexter, C., Abraha, M., Desai, A. R., Bohrer, G., Arain, M. A., Griffis, T., Blanken, P. D., O'Halloran, T. L., Thomas, R. Q., Zhang, Q., Burns, S. P., Frank, J. M., Christian, D., Brown, S., Black, T. A., Gough, C. M., Law, B. E., Lee, X., Chen, J., Reed, D. E., Massman, W. J., Clark, K., Hatfield, J., Prueger, J., Bracho, R., Baker, J. M., Martin, T. A. (2018) Temporal Dynamics Of Aerodynamic Canopy Height Derived From Eddy Covariance Momentum Flux Data Across North American Flux Networks, Geophysical Research Letters, 45(2), 9275–9287","Forest","Cold"
"US-Wkg",3716,31.7365,-109.9419,1531,"GRA","BSk - Arid Steppe cold","Biederman, J. A., Scott, R. L., Bell, T. W., Bowling, D. R., Dore, S., Garatuza-Payan, J., Kolb, T. E., Krishnan, P., Krofcheck, D. J., Litvak, M. E., Maurer, G. E., Meyers, T. P., Oechel, W. C., Papuga, S. A., Ponce-Campos, G. E., Rodriguez, J. C., Smith, W. K., Vargas, R., Watts, C. J., Yepez, E. A., Goulden, M. L. (2017) Co2 Exchange And Evapotranspiration Across Dryland Ecosystems Of Southwestern North America, Global Change Biology, 23(10), 4204-4221","Grassland","Arid"
"ZM-Mon",656,-15.4391,23.2525,1053,"DBF","Aw - Equatorial savannah with dry winter","Merbold, L., Ardö, J., Arneth, A., Scholes, R. J., Nouvellon, Y., Grandcourt, A. de, Archibald, S., Bonnefond, J. M., Boulain, N., Brueggemann, N., Bruemmer, C., Cappelaere, B., Ceschia, E., El-Khidir, H. A. M., El-Tahir, B. A., Falk, U., Lloyd, J., Kergoat, L., Dantec, V. L., Mougin, E., Muchinda, M., Mukelabai, M. M., Ramier, D., Roupsard, O., Timouk, F., Veenendaal, E. M. and Kutsch, W. L.: Precipitation as driver of carbon fluxes in 11 African ecosystems, Biogeosciences, 6(6), 1027–1041, 2009b.","Forest","Tropical"
